<?xml version="1.0" encoding="UTF-8"?>

<CapabilityStatement xmlns="http://hl7.org/fhir">
  <id value="PDSm-GestionnaireDePartageDeDocuments"/>
  <text>
    <status value="extensions"/><div xmlns="http://www.w3.org/1999/xhtml"><p class="res-header-id"><b>Generated Narrative: CapabilityStatement PDSm-GestionnaireDePartageDeDocuments</b></p><a name="PDSm-GestionnaireDePartageDeDocuments"> </a><a name="hcPDSm-GestionnaireDePartageDeDocuments"> </a><a name="PDSm-GestionnaireDePartageDeDocuments-fr-FR"> </a><h2 id="title">CI-SIS Partage-De-Documents-De-Sante - GestionnaireDePartageDeDocuments</h2><ul><li>Implementation Guide Version: 3.1.0 </li><li>FHIR Version: 4.0.1 </li><li>Supported Formats: <code>xml</code>, <code>json</code></li><li>Supported Patch Formats: </li><li>Published on: 2021-07-30 14:32:30+0200 </li><li>Published by: ANS </li></ul><blockquote class="impl-note"><p><strong>Note to Implementers: FHIR Capabilities</strong></p><p>Any FHIR capability may be 'allowed' by the system unless explicitly marked as 'SHALL NOT'. A few items are marked as MAY in the Implementation Guide to highlight their potential relevance to the use case.</p></blockquote><h3 id="shallIGs">SHALL Support the Following Implementation Guides</h3><ul><li><a href="index.html">https://interop.esante.gouv.fr/ig/fhir/pdsm/ImplementationGuide/ans.fhir.fr.pdsm</a></li></ul><h2 id="rest">FHIR RESTful Capabilities</h2><div class="panel panel-default"><div class="panel-heading"><h3 id="mode1" class="panel-title">Mode: <code>server</code></h3></div><div class="panel-body"><div><p>Il s’agit d’un système d’information ou d’un composant d'un système d’information qui stocke, classe et archive les documents d’un dossier patient.</p>
</div><div class="lead"><em>Security</em></div><blockquote><div><p>L’ANS propose des référentiels dédiés à la politique de sécurité (la PGSSI-S ) et des mécanismes de sécurisation sont définis dans les volets de la couche Transport du Cadre d’Interopérabilité des systèmes d’information de santé (CI-SIS)</p>
</div></blockquote><div class="lead"><em>Summary of System-wide Interactions</em></div><ul><li>Supports the <code>transaction</code>interaction described as follows:<div><p>https://interop.esante.gouv.fr/ig/fhir/pdsm/StructureDefinition/pdsm-comprehensive-provide-document-bundle</p>
</div></li></ul></div></div><h3 id="resourcesCap1">Capabilities by Resource/Profile</h3><h4 id="resourcesSummary1">Summary</h4><p>The summary table lists the resources that are part of this configuration, and for each resource it lists:</p><ul><li>The relevant profiles (if any)</li><li>The interactions supported by each resource (<b><span class="bg-info">R</span></b>ead, <b><span class="bg-info">S</span></b>earch, <b><span class="bg-info">U</span></b>pdate, and <b><span class="bg-info">C</span></b>reate, are always shown, while <b><span class="bg-info">VR</span></b>ead, <b><span class="bg-info">P</span></b>atch, <b><span class="bg-info">D</span></b>elete, <b><span class="bg-info">H</span></b>istory on <b><span class="bg-info">I</span></b>nstance, or <b><span class="bg-info">H</span></b>istory on <b><span class="bg-info">T</span></b>ype are only present if at least one of the resources has support for them.</li><li><span>The required, recommended, and some optional search parameters (if any). </span></li><li>The linked resources enabled for <code>_include</code></li><li>The other resources enabled for <code>_revinclude</code></li><li>The operations on the resource (if any)</li></ul><div class="table-responsive"><table class="table table-condensed table-hover"><thead><tr><th><b>Resource Type</b></th><th><b>Profile</b></th><th class="text-center"><b title="GET a resource (read interaction)">R</b></th><th class="text-center"><b title="GET all set of resources of the type (search interaction)">S</b></th><th class="text-center"><b title="PUT a new resource version (update interaction)">U</b></th><th class="text-center"><b title="PATCH a new resource version (patch interaction)">P</b></th><th class="text-center"><b title="POST a new resource (create interaction)">C</b></th><th><b title="Required and recommended search parameters">Searches</b></th><th><code><b>_include</b></code></th><th><code><b>_revinclude</b></code></th><th><b>Operations</b></th></tr></thead><tbody><tr><td><a href="#List1-1">List</a></td><td><a href="StructureDefinition-pdsm-submissionset-comprehensive.html">https://interop.esante.gouv.fr/ig/fhir/pdsm/StructureDefinition/pdsm-submissionset-comprehensive</a></td><td class="text-center">y</td><td class="text-center">y</td><td class="text-center"></td><td class="text-center"></td><td class="text-center"></td><td>date, DesignationType, identifier, status, PDSm_isArchived, title, SourceId, source, PDSm_authorOrg, code, PDSm_List_PatientAsSource, PDSm_List_PatientAsSubject, PDSm_List_PractitionerRoleAsSource</td><td/><td/><td/></tr><tr><td><a href="#DocumentReference1-2">DocumentReference</a></td><td><a href="StructureDefinition-pdsm-comprehensive-document-reference.html">https://interop.esante.gouv.fr/ig/fhir/pdsm/StructureDefinition/pdsm-comprehensive-document-reference</a></td><td class="text-center">y</td><td class="text-center">y</td><td class="text-center"></td><td class="text-center">y</td><td class="text-center"></td><td>type, setting, identifier, creation, security-label, status, PDSm_isArchived, PDSm_DocumentReference_period-start, PDSm_DocumentReference_period-end, format, category, relatesto, event, period, DocumentReference Patient, DocumentRefence Author</td><td/><td/><td/></tr><tr><td><a href="#Binary1-3">Binary</a></td><td><a href="http://hl7.org/fhir/R4/binary.html">http://hl7.org/fhir/StructureDefinition/Binary</a></td><td class="text-center">y</td><td class="text-center"></td><td class="text-center"></td><td class="text-center"></td><td class="text-center"></td><td></td><td/><td/><td/></tr></tbody></table></div><hr/><div class="panel panel-default"><div class="panel-heading"><h4 id="List1-1" class="panel-title"><span style="float: right;">Resource Conformance: supported </span>List</h4></div><div class="panel-body"><div class="container"><div class="row"><div class="col-lg-6"><span class="lead">Base System Profile</span><br/><a href="StructureDefinition-pdsm-submissionset-comprehensive.html">PDSm SubmissionSet Comprehensive</a></div><div class="col-lg-3"><span class="lead">Profile Conformance</span><br/><b>SHALL</b></div><div class="col-lg-3"><span class="lead">Reference Policy</span><br/></div></div><p/><div class="row"><div class="col-lg-6"><span class="lead">Interaction summary</span><br/><ul><li>Supports <code>read</code>, <code>search-type</code>.</li></ul></div></div><p/><div class="row"><div class="col-lg-7"><span class="lead">Search Parameters</span><table class="table table-condensed table-hover"><thead><tr><th>Conformance</th><th>Parameter</th><th>Type</th><th>Documentation</th></tr></thead><tbody><tr><td><b>SHALL</b></td><td><a href="http://hl7.org/fhir/R4/list.html#search">date</a></td><td><code>date</code></td><td><div><p>Représente la date et heure de soumission.</p>
</div></td></tr><tr><td><b>SHALL</b></td><td><a href="https://profiles.ihe.net/ITI/MHD/4.2.0/SearchParameter-List-DesignationType.html">DesignationType</a></td><td><code>token</code></td><td><div><p>Représente le type d’activité associé à l’événement clinique ayant abouti à la constitution du lot de soumission.</p>
</div></td></tr><tr><td><b>SHALL</b></td><td><a href="http://hl7.org/fhir/R4/list.html#search">identifier</a></td><td><code>token</code></td><td><div><p>Représente l'identifiant.</p>
</div></td></tr><tr><td><b>SHALL</b></td><td><a href="http://hl7.org/fhir/R4/list.html#search">status</a></td><td><code>token</code></td><td><div><p>Représente le statut du lot de soumission.</p>
</div></td></tr><tr><td><b>SHALL</b></td><td><a href="SearchParameter-PDSm-isArchived.html">PDSm_isArchived</a></td><td><code>token</code></td><td><div><p>permet distinguer les lots de soumission et les fiches archivés des actifs.</p>
</div></td></tr><tr><td><b>SHALL</b></td><td><a href="http://hl7.org/fhir/R4/list.html#search">title</a></td><td><code>string</code></td><td><div><p>Représente le titre du lot de soumission.</p>
</div></td></tr><tr><td><b>SHALL</b></td><td><a href="https://profiles.ihe.net/ITI/MHD/4.2.0/SearchParameter-List-SourceId.html">SourceId</a></td><td><code>token</code></td><td><div><p>Représente l’identifiant unique global du système émetteur du lot de soumission.</p>
</div></td></tr><tr><td><b>SHALL</b></td><td><a href="http://hl7.org/fhir/R4/list.html#search">source</a></td><td><code>reference</code></td><td><div><p>Représente l’auteur du lot de soumission, quand l'auteur est de type patient, practitionerrole ou device.</p>
</div></td></tr><tr><td><b>SHALL</b></td><td><a href="SearchParameter-PDSm-List-authorOrg.html">PDSm_authorOrg</a></td><td><code>reference</code></td><td><div><p>Représente l’auteur du lot de soumission, quand l'auteur est de type organization.</p>
</div></td></tr><tr><td><b>SHALL</b></td><td><a href="http://hl7.org/fhir/R4/list.html#search">code</a></td><td><code>token</code></td><td><div><p>Représente le but du lot de soumission.</p>
</div></td></tr><tr><td><b>SHALL</b></td><td><a href="SearchParameter-PDSm-List-PatientAsSource.html">PDSm_List_PatientAsSource</a></td><td><code>reference</code></td><td><div><p>Recherche sur les éléments source:Patient.given et source:Patient.family.</p>
</div></td></tr><tr><td><b>SHALL</b></td><td><a href="SearchParameter-PDSm-List-PatientAsSubject.html">PDSm_List_PatientAsSubject</a></td><td><code>reference</code></td><td><div><p>Recherche sur l'élément subject:Patient.identifier.</p>
</div></td></tr><tr><td><b>SHALL</b></td><td><a href="SearchParameter-PDSm-List-PractitionerRoleAsSource.html">PDSm_List_PractitionerRoleAsSource</a></td><td><code>reference</code></td><td><div><p>Recherche sur les éléments source:PractitionerRole.practitioner:Practitioner.given et source:PractitionerRole.practitioner:Practitioner.family.</p>
</div></td></tr></tbody></table></div><div class="col-lg-5"> </div></div></div></div></div><div class="panel panel-default"><div class="panel-heading"><h4 id="DocumentReference1-2" class="panel-title"><span style="float: right;">Resource Conformance: supported </span>DocumentReference</h4></div><div class="panel-body"><div class="container"><div class="row"><div class="col-lg-6"><span class="lead">Base System Profile</span><br/><a href="StructureDefinition-pdsm-comprehensive-document-reference.html">PDSm Comprehensive DocumentReference</a></div><div class="col-lg-3"><span class="lead">Profile Conformance</span><br/><b>SHALL</b></div><div class="col-lg-3"><span class="lead">Reference Policy</span><br/></div></div><p/><div class="row"><div class="col-lg-6"><span class="lead">Interaction summary</span><br/><ul><li>Supports <code>read</code>, <code>search-type</code>, <code>patch</code>.</li></ul></div></div><p/><div class="row"><div class="col-lg-7"><span class="lead">Search Parameters</span><table class="table table-condensed table-hover"><thead><tr><th>Conformance</th><th>Parameter</th><th>Type</th><th>Documentation</th></tr></thead><tbody><tr><td><b>SHALL</b></td><td><a href="http://hl7.org/fhir/R4/documentreference.html#search">type</a></td><td><code>token</code></td><td><div><p>Représente le type du document.</p>
</div></td></tr><tr><td><b>SHALL</b></td><td><a href="http://hl7.org/fhir/R4/documentreference.html#search">setting</a></td><td><code>token</code></td><td><div><p>Représente le cadre d’exercice de l’acte qui a engendré la création du document</p>
</div></td></tr><tr><td><b>SHALL</b></td><td><a href="http://hl7.org/fhir/R4/documentreference.html#search">identifier</a></td><td><code>token</code></td><td><div><p>Représente l'identifiant unique d'une fiche d'un document.</p>
</div></td></tr><tr><td><b>SHALL</b></td><td><a href="https://profiles.ihe.net/ITI/MHD/4.2.0/SearchParameter-DocumentReference-Creation.html">creation</a></td><td><code>date</code></td><td><div><p>Représente la date et l'heure de la création du document.</p>
</div></td></tr><tr><td><b>SHALL</b></td><td><a href="http://hl7.org/fhir/R4/documentreference.html#search">security-label</a></td><td><code>token</code></td><td><div><p>Contient les informations définissant le niveau de confidentialité d'un document.</p>
</div></td></tr><tr><td><b>SHALL</b></td><td><a href="http://hl7.org/fhir/R4/documentreference.html#search">status</a></td><td><code>token</code></td><td><div><p>Représente le statut de la fiche d'un document.</p>
</div></td></tr><tr><td><b>SHALL</b></td><td><a href="SearchParameter-PDSm-isArchived.html">PDSm_isArchived</a></td><td><code>token</code></td><td><div><p>permet distinguer les lots de soumission et les fiches archivés des actifs.</p>
</div></td></tr><tr><td><b>SHALL</b></td><td><a href="SearchParameter-PDSm-DocumentReference-period-start.html">PDSm_DocumentReference_period-start</a></td><td><code>date</code></td><td><div><p>Représente la date de début de l’acte de référence.</p>
</div></td></tr><tr><td><b>SHALL</b></td><td><a href="SearchParameter-PDSm-DocumentReference-period-end.html">PDSm_DocumentReference_period-end</a></td><td><code>date</code></td><td><div><p>Représente la date de fin de l’acte de référence.</p>
</div></td></tr><tr><td><b>SHALL</b></td><td><a href="http://hl7.org/fhir/R4/documentreference.html#search">format</a></td><td><code>token</code></td><td><div><p>Format technique détaillé du document.</p>
</div></td></tr><tr><td><b>SHALL</b></td><td><a href="http://hl7.org/fhir/R4/documentreference.html#search">category</a></td><td><code>token</code></td><td><div><p>Représente la classe du document (compte rendu, imagerie médicale, traitement, certificat, ....).</p>
</div></td></tr><tr><td><b>SHALL</b></td><td><a href="http://hl7.org/fhir/R4/documentreference.html#search">relatesto</a></td><td><code>reference</code></td><td><div><p>Représente l'identifiant d'une association entre deux fiches.</p>
</div></td></tr><tr><td><b>SHALL</b></td><td><a href="http://hl7.org/fhir/R4/documentreference.html#search">event</a></td><td><code>token</code></td><td><div><p>Actes et pathologies en rapport avec le document.</p>
</div></td></tr><tr><td><b>SHALL</b></td><td><a href="http://hl7.org/fhir/R4/documentreference.html#search">period</a></td><td><code>date</code></td><td><div><p>Représente la période.</p>
</div></td></tr><tr><td><b>SHALL</b></td><td><a href="http://hl7.org/fhir/R4/documentreference.html#search">DocumentReference Patient</a></td><td><code>reference</code></td><td><div><p>Représente l'identifiant du patient qui est le sujet du document.</p>
</div></td></tr><tr><td><b>SHALL</b></td><td><a href="http://hl7.org/fhir/R4/documentreference.html#search">DocumentRefence Author</a></td><td><code>reference</code></td><td><div><p>Représente l'identifiant de l'auteur qui est l'auteur du document.</p>
</div></td></tr></tbody></table></div><div class="col-lg-5"> </div></div></div></div></div><div class="panel panel-default"><div class="panel-heading"><h4 id="Binary1-3" class="panel-title"><span style="float: right;">Resource Conformance: supported </span>Binary</h4></div><div class="panel-body"><div class="container"><div class="row"><div class="col-lg-6"><span class="lead">Base System Profile</span><br/><a href="http://hl7.org/fhir/R4/binary.html">Binary</a></div><div class="col-lg-3"><span class="lead">Profile Conformance</span><br/><b>SHALL</b></div><div class="col-lg-3"><span class="lead">Reference Policy</span><br/></div></div><p/><div class="row"><div class="col-lg-6"><span class="lead">Interaction summary</span><br/><ul><li>Supports <code>read</code>.</li></ul></div></div><p/></div></div></div></div>
  </text>
  <url value="https://interop.esante.gouv.fr/ig/fhir/pdsm/CapabilityStatement/PDSm-GestionnaireDePartageDeDocuments"/>
  <version value="3.1.0"/>
  <name value="PDSmGestionnaireDePartageDeDocuments"/>
  <title value="CI-SIS Partage-De-Documents-De-Sante - GestionnaireDePartageDeDocuments"/>
  <status value="active"/>
  <experimental value="false"/>
  <date value="2021-07-30T14:32:30+02:00"/>
  <publisher value="ANS"/>
  <contact>
    <name value="ANS"/>
    <telecom>
      <system value="url"/>
      <value value="https://esante.gouv.fr"/>
    </telecom>
  </contact>
  <description value="Il s’agit d’un système d’information ou d’un composant d'un système d’information qui stocke, classe et archive les documents d’un dossier patient."/>
  <jurisdiction>
    <coding>
      <system value="urn:iso:std:iso:3166"/>
      <code value="FR"/>
      <display value="FRANCE"/>
    </coding>
  </jurisdiction>
  <kind value="requirements"/>
  <fhirVersion value="4.0.1"/>
  <format value="xml"/>
  <format value="json"/>
  <implementationGuide value="https://interop.esante.gouv.fr/ig/fhir/pdsm/ImplementationGuide/ans.fhir.fr.pdsm"/>
  <rest>
    <mode value="server"/>
    <documentation value="Il s’agit d’un système d’information ou d’un composant d'un système d’information qui stocke, classe et archive les documents d’un dossier patient."/>
    <security>
      <cors value="false"/>
      <description value="L’ANS propose des référentiels dédiés à la politique de sécurité (la PGSSI-S ) et des mécanismes de sécurisation sont définis dans les volets de la couche Transport du Cadre d’Interopérabilité des systèmes d’information de santé (CI-SIS)"/>
    </security>
    <resource>
      <type value="List"/>
      <profile value="https://interop.esante.gouv.fr/ig/fhir/pdsm/StructureDefinition/pdsm-submissionset-comprehensive"/>
      <interaction>
        <code value="read"/>
      </interaction>
      <interaction>
        <code value="search-type"/>
      </interaction>
      <searchParam>
        <name value="date"/>
        <definition value="http://hl7.org/fhir/SearchParameter/clinical-date"/>
        <type value="date"/>
        <documentation value="Représente la date et heure de soumission."/>
      </searchParam>
      <searchParam>
        <name value="DesignationType"/>
        <definition value="https://profiles.ihe.net/ITI/MHD/SearchParameter/List-DesignationType"/>
        <type value="token"/>
        <documentation value="Représente le type d’activité associé à l’événement clinique ayant abouti à la constitution du lot de soumission."/>
      </searchParam>
      <searchParam>
        <name value="identifier"/>
        <definition value="http://hl7.org/fhir/SearchParameter/clinical-identifier"/>
        <type value="token"/>
        <documentation value="Représente l'identifiant."/>
      </searchParam>
      <searchParam>
        <name value="status"/>
        <definition value="http://hl7.org/fhir/SearchParameter/List-status"/>
        <type value="token"/>
        <documentation value="Représente le statut du lot de soumission."/>
      </searchParam>
      <searchParam>
        <name value="PDSm_isArchived"/>
        <definition value="https://interop.esante.gouv.fr/ig/fhir/pdsm/SearchParameter/PDSm-isArchived"/>
        <type value="token"/>
        <documentation value="permet distinguer les lots de soumission et les fiches archivés des actifs."/>
      </searchParam>
      <searchParam>
        <name value="title"/>
        <definition value="http://hl7.org/fhir/SearchParameter/List-title"/>
        <type value="string"/>
        <documentation value="Représente le titre du lot de soumission."/>
      </searchParam>
      <searchParam>
        <name value="SourceId"/>
        <definition value="https://profiles.ihe.net/ITI/MHD/SearchParameter/List-SourceId"/>
        <type value="token"/>
        <documentation value="Représente l’identifiant unique global du système émetteur du lot de soumission."/>
      </searchParam>
      <searchParam>
        <name value="source"/>
        <definition value="http://hl7.org/fhir/SearchParameter/List-source"/>
        <type value="reference"/>
        <documentation value="Représente l’auteur du lot de soumission, quand l'auteur est de type patient, practitionerrole ou device."/>
      </searchParam>
      <searchParam>
        <name value="PDSm_authorOrg"/>
        <definition value="https://interop.esante.gouv.fr/ig/fhir/pdsm/SearchParameter/PDSm-List-authorOrg"/>
        <type value="reference"/>
        <documentation value="Représente l’auteur du lot de soumission, quand l'auteur est de type organization."/>
      </searchParam>
      <searchParam>
        <name value="code"/>
        <definition value="http://hl7.org/fhir/SearchParameter/clinical-code"/>
        <type value="token"/>
        <documentation value="Représente le but du lot de soumission."/>
      </searchParam>
      <searchParam>
        <name value="PDSm_List_PatientAsSource"/>
        <definition value="https://interop.esante.gouv.fr/ig/fhir/pdsm/SearchParameter/PDSm-List-PatientAsSource"/>
        <type value="reference"/>
        <documentation value="Recherche sur les éléments source:Patient.given et source:Patient.family."/>
      </searchParam>
      <searchParam>
        <name value="PDSm_List_PatientAsSubject"/>
        <definition value="https://interop.esante.gouv.fr/ig/fhir/pdsm/SearchParameter/PDSm-List-PatientAsSubject"/>
        <type value="reference"/>
        <documentation value="Recherche sur l'élément subject:Patient.identifier."/>
      </searchParam>
      <searchParam>
        <name value="PDSm_List_PractitionerRoleAsSource"/>
        <definition value="https://interop.esante.gouv.fr/ig/fhir/pdsm/SearchParameter/PDSm-List-PractitionerRoleAsSource"/>
        <type value="reference"/>
        <documentation value="Recherche sur les éléments source:PractitionerRole.practitioner:Practitioner.given et source:PractitionerRole.practitioner:Practitioner.family."/>
      </searchParam>
    </resource>
    <resource>
      <type value="DocumentReference"/>
      <profile value="https://interop.esante.gouv.fr/ig/fhir/pdsm/StructureDefinition/pdsm-comprehensive-document-reference"/>
      <interaction>
        <code value="read"/>
      </interaction>
      <interaction>
        <code value="search-type"/>
      </interaction>
      <interaction>
        <code value="patch"/>
      </interaction>
      <conditionalUpdate value="true"/>
      <searchParam>
        <name value="type"/>
        <definition value="http://hl7.org/fhir/SearchParameter/clinical-type"/>
        <type value="token"/>
        <documentation value="Représente le type du document."/>
      </searchParam>
      <searchParam>
        <name value="setting"/>
        <definition value="http://hl7.org/fhir/SearchParameter/DocumentReference-setting"/>
        <type value="token"/>
        <documentation value="Représente le cadre d’exercice de l’acte qui a engendré la création du document"/>
      </searchParam>
      <searchParam>
        <name value="identifier"/>
        <definition value="http://hl7.org/fhir/SearchParameter/clinical-identifier"/>
        <type value="token"/>
        <documentation value="Représente l'identifiant unique d'une fiche d'un document."/>
      </searchParam>
      <searchParam>
        <name value="creation"/>
        <definition value="https://profiles.ihe.net/ITI/MHD/SearchParameter/DocumentReference-Creation"/>
        <type value="date"/>
        <documentation value="Représente la date et l'heure de la création du document."/>
      </searchParam>
      <searchParam>
        <name value="security-label"/>
        <definition value="http://hl7.org/fhir/SearchParameter/DocumentReference-security-label"/>
        <type value="token"/>
        <documentation value="Contient les informations définissant le niveau de confidentialité d'un document."/>
      </searchParam>
      <searchParam>
        <name value="status"/>
        <definition value="http://hl7.org/fhir/SearchParameter/DocumentReference-status"/>
        <type value="token"/>
        <documentation value="Représente le statut de la fiche d'un document."/>
      </searchParam>
      <searchParam>
        <name value="PDSm_isArchived"/>
        <definition value="https://interop.esante.gouv.fr/ig/fhir/pdsm/SearchParameter/PDSm-isArchived"/>
        <type value="token"/>
        <documentation value="permet distinguer les lots de soumission et les fiches archivés des actifs."/>
      </searchParam>
      <searchParam>
        <name value="PDSm_DocumentReference_period-start"/>
        <definition value="https://interop.esante.gouv.fr/ig/fhir/pdsm/SearchParameter/PDSm-DocumentReference-period-start"/>
        <type value="date"/>
        <documentation value="Représente la date de début de l’acte de référence."/>
      </searchParam>
      <searchParam>
        <name value="PDSm_DocumentReference_period-end"/>
        <definition value="https://interop.esante.gouv.fr/ig/fhir/pdsm/SearchParameter/PDSm-DocumentReference-period-end"/>
        <type value="date"/>
        <documentation value="Représente la date de fin de l’acte de référence."/>
      </searchParam>
      <searchParam>
        <name value="format"/>
        <definition value="http://hl7.org/fhir/SearchParameter/DocumentReference-format"/>
        <type value="token"/>
        <documentation value="Format technique détaillé du document."/>
      </searchParam>
      <searchParam>
        <name value="category"/>
        <definition value="http://hl7.org/fhir/SearchParameter/DocumentReference-category"/>
        <type value="token"/>
        <documentation value="Représente la classe du document (compte rendu, imagerie médicale, traitement, certificat, ....)."/>
      </searchParam>
      <searchParam>
        <name value="relatesto"/>
        <definition value="http://hl7.org/fhir/SearchParameter/DocumentReference-relatesto"/>
        <type value="reference"/>
        <documentation value="Représente l'identifiant d'une association entre deux fiches."/>
      </searchParam>
      <searchParam>
        <name value="event"/>
        <definition value="http://hl7.org/fhir/SearchParameter/DocumentReference-event"/>
        <type value="token"/>
        <documentation value="Actes et pathologies en rapport avec le document."/>
      </searchParam>
      <searchParam>
        <name value="period"/>
        <definition value="http://hl7.org/fhir/SearchParameter/DocumentReference-period"/>
        <type value="date"/>
        <documentation value="Représente la période."/>
      </searchParam>
      <searchParam>
        <name value="DocumentReference Patient"/>
        <definition value="http://hl7.org/fhir/SearchParameter/DocumentReference-subject"/>
        <type value="reference"/>
        <documentation value="Représente l'identifiant du patient qui est le sujet du document."/>
      </searchParam>
      <searchParam>
        <name value="DocumentRefence Author"/>
        <definition value="http://hl7.org/fhir/SearchParameter/DocumentReference-author"/>
        <type value="reference"/>
        <documentation value="Représente l'identifiant de l'auteur qui est l'auteur du document."/>
      </searchParam>
    </resource>
    <resource>
      <type value="Binary"/>
      <profile value="http://hl7.org/fhir/StructureDefinition/Binary"/>
      <interaction>
        <code value="read"/>
      </interaction>
    </resource>
    <interaction>
      <code value="transaction"/>
      <documentation value="https://interop.esante.gouv.fr/ig/fhir/pdsm/StructureDefinition/pdsm-comprehensive-provide-document-bundle"/>
    </interaction>
  </rest>
</CapabilityStatement>